{
  "version": "2.4.0-beta.0",
  "visualisation": {
    "nodes": [
      {
        "id": "n:0",
        "position": {
          "x": -64.81141282907751,
          "y": -408.61620323853015
        }
      },
      {
        "id": "n:1",
        "position": {
          "x": -153.32182897994716,
          "y": -257.12172554054405
        }
      },
      {
        "id": "n:2",
        "position": {
          "x": -221.31539683679537,
          "y": -161.700652354624
        }
      },
      {
        "id": "n:3",
        "position": {
          "x": -216.40471700423865,
          "y": -22.421018457202962
        }
      },
      {
        "id": "n:4",
        "position": {
          "x": -203.6980241956249,
          "y": 113.26523426721016
        }
      },
      {
        "id": "n:5",
        "position": {
          "x": -70.92538164118605,
          "y": 184.59053200888346
        }
      },
      {
        "id": "n:6",
        "position": {
          "x": 35.261614225955725,
          "y": 122.985862650847
        }
      },
      {
        "id": "n:7",
        "position": {
          "x": 101.72981011225822,
          "y": 35.442385142058356
        }
      },
      {
        "id": "n:8",
        "position": {
          "x": 166.57683048913867,
          "y": -84.52460255517052
        }
      },
      {
        "id": "n:9",
        "position": {
          "x": 161.71330396087268,
          "y": -212.5974677995095
        }
      },
      {
        "id": "n:10",
        "position": {
          "x": 60.38983462199691,
          "y": -226.3774596295966
        }
      },
      {
        "id": "n:11",
        "position": {
          "x": -44.17598573572286,
          "y": -92.63048010228059
        }
      },
      {
        "id": "n:12",
        "position": {
          "x": 79.84394073506107,
          "y": -113.70576172476673
        }
      },
      {
        "id": "n:13",
        "position": {
          "x": 15.807508112891588,
          "y": -19.67758217829004
        }
      },
      {
        "id": "n:14",
        "position": {
          "x": -57.14538981109895,
          "y": 54.896491255122505
        }
      },
      {
        "id": "n:15",
        "position": {
          "x": -128.4771122256675,
          "y": -13.192880140602
        }
      },
      {
        "id": "n:16",
        "position": {
          "x": -100.96119227514531,
          "y": -190.10750164944324
        }
      },
      {
        "id": "n:17",
        "position": {
          "x": 95.67295000883115,
          "y": -316.6329750351665
        }
      },
      {
        "id": "n:18",
        "position": {
          "x": 46.008029108083264,
          "y": -420.2842640175916
        }
      },
      {
        "id": "n:19",
        "position": {
          "x": 159.13037411811098,
          "y": -452.1144189204207
        }
      },
      {
        "id": "n:20",
        "position": {
          "x": 191.66649337918423,
          "y": -574.1189439230938
        }
      },
      {
        "id": "n:21",
        "position": {
          "x": 35.44428264587694,
          "y": -547.8631101864034
        }
      },
      {
        "id": "n:22",
        "position": {
          "x": -83.02384213112441,
          "y": -538.0220817017121
        }
      },
      {
        "id": "n:23",
        "position": {
          "x": -210.2327711767328,
          "y": -448.60254212096163
        }
      },
      {
        "id": "n:24",
        "position": {
          "x": -344.1919711423981,
          "y": -389.8373716562313
        }
      },
      {
        "id": "n:25",
        "position": {
          "x": -393.66893412635693,
          "y": -268.55677669083866
        }
      },
      {
        "id": "n:26",
        "position": {
          "x": -356.75180098763605,
          "y": -124.34861294089836
        }
      }
    ]
  },
  "dataModel": {
    "version": "2.4.0-beta.0",
    "graphSchemaRepresentation": {
      "version": "1.0.0",
      "graphSchema": {
        "nodeLabels": [
          {
            "$id": "nl:0",
            "token": "NetflixContent",
            "properties": [
              {
                "$id": "p:0_0",
                "token": "title",
                "type": {
                  "type": "string"
                },
                "nullable": false
              },
              {
                "$id": "p:0_1",
                "token": "genre",
                "type": {
                  "type": "string"
                },
                "nullable": false
              },
              {
                "$id": "p:0_2",
                "token": "tag",
                "type": {
                  "type": "string"
                },
                "nullable": false
              },
              {
                "$id": "p:0_3",
                "token": "language",
                "type": {
                  "type": "string"
                },
                "nullable": false
              },
              {
                "$id": "p:0_4",
                "token": "contentType",
                "type": {
                  "type": "string"
                },
                "nullable": false
              },
              {
                "$id": "p:0_5",
                "token": "hiddenGemScore",
                "type": {
                  "type": "float"
                },
                "nullable": false
              },
              {
                "$id": "p:0_6",
                "token": "countryAvailability",
                "type": {
                  "type": "string"
                },
                "nullable": false
              },
              {
                "$id": "p:0_7",
                "token": "runtime",
                "type": {
                  "type": "string"
                },
                "nullable": false
              },
              {
                "$id": "p:0_8",
                "token": "director",
                "type": {
                  "type": "string"
                },
                "nullable": false
              },
              {
                "$id": "p:0_9",
                "token": "writer",
                "type": {
                  "type": "string"
                },
                "nullable": false
              },
              {
                "$id": "p:0_10",
                "token": "actor",
                "type": {
                  "type": "string"
                },
                "nullable": false
              },
              {
                "$id": "p:0_11",
                "token": "viewRating",
                "type": {
                  "type": "string"
                },
                "nullable": false
              },
              {
                "$id": "p:0_12",
                "token": "imdbScore",
                "type": {
                  "type": "float"
                },
                "nullable": false
              },
              {
                "$id": "p:0_13",
                "token": "rottenTomatoesScore",
                "type": {
                  "type": "float"
                },
                "nullable": false
              },
              {
                "$id": "p:0_14",
                "token": "metacriticScore",
                "type": {
                  "type": "float"
                },
                "nullable": false
              },
              {
                "$id": "p:0_15",
                "token": "awardReceived",
                "type": {
                  "type": "float"
                },
                "nullable": false
              },
              {
                "$id": "p:0_16",
                "token": "awardNominatedFor",
                "type": {
                  "type": "float"
                },
                "nullable": false
              },
              {
                "$id": "p:0_17",
                "token": "boxOffice",
                "type": {
                  "type": "string"
                },
                "nullable": false
              },
              {
                "$id": "p:0_18",
                "token": "releaseDate",
                "type": {
                  "type": "string"
                },
                "nullable": false
              },
              {
                "$id": "p:0_19",
                "token": "netflixReleaseDate",
                "type": {
                  "type": "datetime"
                },
                "nullable": false
              },
              {
                "$id": "p:0_20",
                "token": "productionHouse",
                "type": {
                  "type": "string"
                },
                "nullable": false
              },
              {
                "$id": "p:0_21",
                "token": "netflixLink",
                "type": {
                  "type": "string"
                },
                "nullable": false
              },
              {
                "$id": "p:0_22",
                "token": "imdbLink",
                "type": {
                  "type": "string"
                },
                "nullable": false
              },
              {
                "$id": "p:0_23",
                "token": "summary",
                "type": {
                  "type": "string"
                },
                "nullable": false
              },
              {
                "$id": "p:0_24",
                "token": "imdbVote",
                "type": {
                  "type": "float"
                },
                "nullable": false
              },
              {
                "$id": "p:0_25",
                "token": "image",
                "type": {
                  "type": "string"
                },
                "nullable": false
              },
              {
                "$id": "p:0_26",
                "token": "poster",
                "type": {
                  "type": "string"
                },
                "nullable": false
              },
              {
                "$id": "p:0_27",
                "token": "tmdbTrailer",
                "type": {
                  "type": "string"
                },
                "nullable": false
              },
              {
                "$id": "p:0_28",
                "token": "trailerSite",
                "type": {
                  "type": "string"
                },
                "nullable": false
              }
            ]
          },
          {
            "$id": "nl:1",
            "token": "Genre",
            "properties": [
              {
                "$id": "p:2",
                "token": "Genre",
                "type": {
                  "type": "string"
                },
                "nullable": true
              }
            ]
          },
          {
            "$id": "nl:2",
            "token": "Tags",
            "properties": [
              {
                "$id": "p:1",
                "token": "Tags",
                "type": {
                  "type": "string"
                },
                "nullable": true
              }
            ]
          },
          {
            "$id": "nl:3",
            "token": "Languages",
            "properties": [
              {
                "$id": "p:3",
                "token": "Languages",
                "type": {
                  "type": "string"
                },
                "nullable": true
              }
            ]
          },
          {
            "$id": "nl:4",
            "token": "Series or Movie",
            "properties": [
              {
                "$id": "p:4",
                "token": "Series or Movie",
                "type": {
                  "type": "string"
                },
                "nullable": true
              }
            ]
          },
          {
            "$id": "nl:5",
            "token": "Hidden Gem Score",
            "properties": [
              {
                "$id": "p:5",
                "token": "Hidden Gem Score",
                "type": {
                  "type": "float"
                },
                "nullable": true
              }
            ]
          },
          {
            "$id": "nl:6",
            "token": "Country Availability",
            "properties": [
              {
                "$id": "p:6",
                "token": "Country Availability",
                "type": {
                  "type": "string"
                },
                "nullable": true
              }
            ]
          },
          {
            "$id": "nl:7",
            "token": "Runtime",
            "properties": [
              {
                "$id": "p:7",
                "token": "Runtime",
                "type": {
                  "type": "string"
                },
                "nullable": true
              }
            ]
          },
          {
            "$id": "nl:8",
            "token": "Director",
            "properties": [
              {
                "$id": "p:8",
                "token": "Director",
                "type": {
                  "type": "string"
                },
                "nullable": true
              }
            ]
          },
          {
            "$id": "nl:9",
            "token": "Writer",
            "properties": [
              {
                "$id": "p:9",
                "token": "Writer",
                "type": {
                  "type": "string"
                },
                "nullable": true
              }
            ]
          },
          {
            "$id": "nl:10",
            "token": "Actors",
            "properties": [
              {
                "$id": "p:10",
                "token": "Actors",
                "type": {
                  "type": "string"
                },
                "nullable": true
              }
            ]
          },
          {
            "$id": "nl:11",
            "token": "View Rating",
            "properties": [
              {
                "$id": "p:11",
                "token": "View Rating",
                "type": {
                  "type": "string"
                },
                "nullable": true
              }
            ]
          },
          {
            "$id": "nl:12",
            "token": "IMDb Score",
            "properties": [
              {
                "$id": "p:12",
                "token": "IMDb Score",
                "type": {
                  "type": "float"
                },
                "nullable": true
              }
            ]
          },
          {
            "$id": "nl:13",
            "token": "Rotten Tomatoes Score",
            "properties": [
              {
                "$id": "p:13",
                "token": "Rotten Tomatoes Score",
                "type": {
                  "type": "float"
                },
                "nullable": true
              }
            ]
          },
          {
            "$id": "nl:14",
            "token": "Metacritic Score",
            "properties": [
              {
                "$id": "p:14",
                "token": "Metacritic Score",
                "type": {
                  "type": "float"
                },
                "nullable": true
              }
            ]
          },
          {
            "$id": "nl:15",
            "token": "Awards Received",
            "properties": [
              {
                "$id": "p:15",
                "token": "Awards Received",
                "type": {
                  "type": "float"
                },
                "nullable": true
              }
            ]
          },
          {
            "$id": "nl:16",
            "token": "Awards Nominated For",
            "properties": [
              {
                "$id": "p:16",
                "token": "Awards Nominated For",
                "type": {
                  "type": "float"
                },
                "nullable": true
              }
            ]
          },
          {
            "$id": "nl:17",
            "token": " Boxoffice",
            "properties": [
              {
                "$id": "p:17",
                "token": "Boxoffice",
                "type": {
                  "type": "string"
                },
                "nullable": true
              }
            ]
          },
          {
            "$id": "nl:18",
            "token": "Release Date",
            "properties": [
              {
                "$id": "p:18",
                "token": "Release Date",
                "type": {
                  "type": "string"
                },
                "nullable": true
              }
            ]
          },
          {
            "$id": "nl:19",
            "token": "Netflix Release Date",
            "properties": [
              {
                "$id": "p:19",
                "token": "Netflix Release Date",
                "type": {
                  "type": "datetime"
                },
                "nullable": true
              }
            ]
          },
          {
            "$id": "nl:20",
            "token": "Production House",
            "properties": [
              {
                "$id": "p:20",
                "token": "Production House",
                "type": {
                  "type": "string"
                },
                "nullable": true
              }
            ]
          },
          {
            "$id": "nl:21",
            "token": "Netflix Link",
            "properties": [
              {
                "$id": "p:21",
                "token": "Netflix Link",
                "type": {
                  "type": "string"
                },
                "nullable": true
              }
            ]
          },
          {
            "$id": "nl:22",
            "token": "IMDb Link",
            "properties": [
              {
                "$id": "p:22",
                "token": "IMDb Votes",
                "type": {
                  "type": "float"
                },
                "nullable": true
              }
            ]
          },
          {
            "$id": "nl:23",
            "token": "Image",
            "properties": [
              {
                "$id": "p:23",
                "token": "Image",
                "type": {
                  "type": "string"
                },
                "nullable": true
              }
            ]
          },
          {
            "$id": "nl:24",
            "token": "Poster",
            "properties": [
              {
                "$id": "p:24",
                "token": "Poster",
                "type": {
                  "type": "string"
                },
                "nullable": true
              }
            ]
          },
          {
            "$id": "nl:25",
            "token": "TMDb Trailer",
            "properties": [
              {
                "$id": "p:26",
                "token": "TMDb Trailer",
                "type": {
                  "type": "string"
                },
                "nullable": true
              }
            ]
          },
          {
            "$id": "nl:26",
            "token": "Trailer Site",
            "properties": [
              {
                "$id": "p:25",
                "token": "Trailer Site",
                "type": {
                  "type": "string"
                },
                "nullable": true
              }
            ]
          }
        ],
        "relationshipTypes": [
          {
            "$id": "rt:1",
            "token": "Lets Fight Ghost",
            "properties": []
          },
          {
            "$id": "rt:2",
            "token": "Crime, Drama",
            "properties": []
          },
          {
            "$id": "rt:3",
            "token": "Comedy Program",
            "properties": []
          },
          {
            "$id": "rt:4",
            "token": "Swedish, Spanish",
            "properties": []
          },
          {
            "$id": "rt:5",
            "token": "series",
            "properties": []
          },
          {
            "$id": "rt:6",
            "token": "4.3",
            "properties": []
          },
          {
            "$id": "rt:7",
            "token": "Thailand",
            "properties": []
          },
          {
            "$id": "rt:8",
            "token": "< 30 minutes",
            "properties": []
          },
          {
            "$id": "rt:9",
            "token": "Tomas Alfredson",
            "properties": []
          },
          {
            "$id": "rt:10",
            "token": "John Ajvide Lindqvist",
            "properties": []
          },
          {
            "$id": "rt:11",
            "token": " Kåre Hedebrant, Per R",
            "properties": []
          },
          {
            "$id": "rt:12",
            "token": " R",
            "properties": []
          },
          {
            "$id": "rt:13",
            "token": "7.9",
            "properties": []
          },
          {
            "$id": "rt:14",
            "token": "98.0",
            "properties": []
          },
          {
            "$id": "rt:15",
            "token": "82.0",
            "properties": []
          },
          {
            "$id": "rt:16",
            "token": "74.0",
            "properties": []
          },
          {
            "$id": "rt:17",
            "token": "57.0",
            "properties": []
          },
          {
            "$id": "rt:18",
            "token": " $2,122,065",
            "properties": []
          },
          {
            "$id": "rt:19",
            "token": "12 Dec 2008",
            "properties": []
          },
          {
            "$id": "rt:20",
            "token": "2021-03-04",
            "properties": []
          },
          {
            "$id": "rt:21",
            "token": "Canal+, Sandrew M",
            "properties": []
          },
          {
            "$id": "rt:22",
            "token": " https://www.netflix.",
            "properties": []
          },
          {
            "$id": "rt:23",
            "token": "205926.0",
            "properties": []
          },
          {
            "$id": "rt:24",
            "token": "https://occ-0-4708-6",
            "properties": []
          },
          {
            "$id": "rt:25",
            "token": " https://m.media",
            "properties": []
          },
          {
            "$id": "rt:26",
            "token": "TMDb Trailer",
            "properties": []
          }
        ],
        "nodeObjectTypes": [
          {
            "$id": "n:0",
            "labels": [
              {
                "$ref": "#nl:0"
              }
            ]
          },
          {
            "$id": "n:1",
            "labels": [
              {
                "$ref": "#nl:1"
              }
            ]
          },
          {
            "$id": "n:2",
            "labels": [
              {
                "$ref": "#nl:2"
              }
            ]
          },
          {
            "$id": "n:3",
            "labels": [
              {
                "$ref": "#nl:3"
              }
            ]
          },
          {
            "$id": "n:4",
            "labels": [
              {
                "$ref": "#nl:4"
              }
            ]
          },
          {
            "$id": "n:5",
            "labels": [
              {
                "$ref": "#nl:5"
              }
            ]
          },
          {
            "$id": "n:6",
            "labels": [
              {
                "$ref": "#nl:6"
              }
            ]
          },
          {
            "$id": "n:7",
            "labels": [
              {
                "$ref": "#nl:7"
              }
            ]
          },
          {
            "$id": "n:8",
            "labels": [
              {
                "$ref": "#nl:8"
              }
            ]
          },
          {
            "$id": "n:9",
            "labels": [
              {
                "$ref": "#nl:9"
              }
            ]
          },
          {
            "$id": "n:10",
            "labels": [
              {
                "$ref": "#nl:10"
              }
            ]
          },
          {
            "$id": "n:11",
            "labels": [
              {
                "$ref": "#nl:11"
              }
            ]
          },
          {
            "$id": "n:12",
            "labels": [
              {
                "$ref": "#nl:12"
              }
            ]
          },
          {
            "$id": "n:13",
            "labels": [
              {
                "$ref": "#nl:13"
              }
            ]
          },
          {
            "$id": "n:14",
            "labels": [
              {
                "$ref": "#nl:14"
              }
            ]
          },
          {
            "$id": "n:15",
            "labels": [
              {
                "$ref": "#nl:15"
              }
            ]
          },
          {
            "$id": "n:16",
            "labels": [
              {
                "$ref": "#nl:16"
              }
            ]
          },
          {
            "$id": "n:17",
            "labels": [
              {
                "$ref": "#nl:17"
              }
            ]
          },
          {
            "$id": "n:18",
            "labels": [
              {
                "$ref": "#nl:18"
              }
            ]
          },
          {
            "$id": "n:19",
            "labels": [
              {
                "$ref": "#nl:19"
              }
            ]
          },
          {
            "$id": "n:20",
            "labels": [
              {
                "$ref": "#nl:20"
              }
            ]
          },
          {
            "$id": "n:21",
            "labels": [
              {
                "$ref": "#nl:21"
              }
            ]
          },
          {
            "$id": "n:22",
            "labels": [
              {
                "$ref": "#nl:22"
              }
            ]
          },
          {
            "$id": "n:23",
            "labels": [
              {
                "$ref": "#nl:23"
              }
            ]
          },
          {
            "$id": "n:24",
            "labels": [
              {
                "$ref": "#nl:24"
              }
            ]
          },
          {
            "$id": "n:25",
            "labels": [
              {
                "$ref": "#nl:25"
              }
            ]
          },
          {
            "$id": "n:26",
            "labels": [
              {
                "$ref": "#nl:26"
              }
            ]
          }
        ],
        "relationshipObjectTypes": [
          {
            "$id": "r:1",
            "type": {
              "$ref": "#rt:1"
            },
            "from": {
              "$ref": "#n:0"
            },
            "to": {
              "$ref": "#n:1"
            }
          },
          {
            "$id": "r:2",
            "type": {
              "$ref": "#rt:2"
            },
            "from": {
              "$ref": "#n:1"
            },
            "to": {
              "$ref": "#n:2"
            }
          },
          {
            "$id": "r:3",
            "type": {
              "$ref": "#rt:3"
            },
            "from": {
              "$ref": "#n:2"
            },
            "to": {
              "$ref": "#n:3"
            }
          },
          {
            "$id": "r:4",
            "type": {
              "$ref": "#rt:4"
            },
            "from": {
              "$ref": "#n:3"
            },
            "to": {
              "$ref": "#n:4"
            }
          },
          {
            "$id": "r:5",
            "type": {
              "$ref": "#rt:5"
            },
            "from": {
              "$ref": "#n:4"
            },
            "to": {
              "$ref": "#n:5"
            }
          },
          {
            "$id": "r:6",
            "type": {
              "$ref": "#rt:6"
            },
            "from": {
              "$ref": "#n:5"
            },
            "to": {
              "$ref": "#n:6"
            }
          },
          {
            "$id": "r:7",
            "type": {
              "$ref": "#rt:7"
            },
            "from": {
              "$ref": "#n:6"
            },
            "to": {
              "$ref": "#n:7"
            }
          },
          {
            "$id": "r:8",
            "type": {
              "$ref": "#rt:8"
            },
            "from": {
              "$ref": "#n:7"
            },
            "to": {
              "$ref": "#n:8"
            }
          },
          {
            "$id": "r:9",
            "type": {
              "$ref": "#rt:9"
            },
            "from": {
              "$ref": "#n:8"
            },
            "to": {
              "$ref": "#n:9"
            }
          },
          {
            "$id": "r:10",
            "type": {
              "$ref": "#rt:10"
            },
            "from": {
              "$ref": "#n:9"
            },
            "to": {
              "$ref": "#n:10"
            }
          },
          {
            "$id": "r:11",
            "type": {
              "$ref": "#rt:11"
            },
            "from": {
              "$ref": "#n:10"
            },
            "to": {
              "$ref": "#n:11"
            }
          },
          {
            "$id": "r:12",
            "type": {
              "$ref": "#rt:12"
            },
            "from": {
              "$ref": "#n:11"
            },
            "to": {
              "$ref": "#n:12"
            }
          },
          {
            "$id": "r:13",
            "type": {
              "$ref": "#rt:13"
            },
            "from": {
              "$ref": "#n:12"
            },
            "to": {
              "$ref": "#n:13"
            }
          },
          {
            "$id": "r:14",
            "type": {
              "$ref": "#rt:14"
            },
            "from": {
              "$ref": "#n:13"
            },
            "to": {
              "$ref": "#n:14"
            }
          },
          {
            "$id": "r:15",
            "type": {
              "$ref": "#rt:15"
            },
            "from": {
              "$ref": "#n:14"
            },
            "to": {
              "$ref": "#n:15"
            }
          },
          {
            "$id": "r:16",
            "type": {
              "$ref": "#rt:16"
            },
            "from": {
              "$ref": "#n:15"
            },
            "to": {
              "$ref": "#n:16"
            }
          },
          {
            "$id": "r:17",
            "type": {
              "$ref": "#rt:17"
            },
            "from": {
              "$ref": "#n:16"
            },
            "to": {
              "$ref": "#n:17"
            }
          },
          {
            "$id": "r:18",
            "type": {
              "$ref": "#rt:18"
            },
            "from": {
              "$ref": "#n:17"
            },
            "to": {
              "$ref": "#n:18"
            }
          },
          {
            "$id": "r:19",
            "type": {
              "$ref": "#rt:19"
            },
            "from": {
              "$ref": "#n:18"
            },
            "to": {
              "$ref": "#n:19"
            }
          },
          {
            "$id": "r:20",
            "type": {
              "$ref": "#rt:20"
            },
            "from": {
              "$ref": "#n:19"
            },
            "to": {
              "$ref": "#n:20"
            }
          },
          {
            "$id": "r:21",
            "type": {
              "$ref": "#rt:21"
            },
            "from": {
              "$ref": "#n:20"
            },
            "to": {
              "$ref": "#n:21"
            }
          },
          {
            "$id": "r:22",
            "type": {
              "$ref": "#rt:22"
            },
            "from": {
              "$ref": "#n:21"
            },
            "to": {
              "$ref": "#n:22"
            }
          },
          {
            "$id": "r:23",
            "type": {
              "$ref": "#rt:23"
            },
            "from": {
              "$ref": "#n:22"
            },
            "to": {
              "$ref": "#n:23"
            }
          },
          {
            "$id": "r:24",
            "type": {
              "$ref": "#rt:24"
            },
            "from": {
              "$ref": "#n:23"
            },
            "to": {
              "$ref": "#n:24"
            }
          },
          {
            "$id": "r:25",
            "type": {
              "$ref": "#rt:25"
            },
            "from": {
              "$ref": "#n:24"
            },
            "to": {
              "$ref": "#n:25"
            }
          },
          {
            "$id": "r:26",
            "type": {
              "$ref": "#rt:26"
            },
            "from": {
              "$ref": "#n:25"
            },
            "to": {
              "$ref": "#n:26"
            }
          }
        ],
        "constraints": [
          {
            "$id": "c:0",
            "name": "netflixLink_NetflixContent_uniq",
            "constraintType": "uniqueness",
            "entityType": "node",
            "nodeLabel": {
              "$ref": "#nl:0"
            },
            "relationshipType": null,
            "properties": [
              {
                "$ref": "#p:0_21"
              }
            ]
          },
          {
            "$id": "c:1",
            "name": "Tags_Tags_uniq",
            "constraintType": "uniqueness",
            "entityType": "node",
            "nodeLabel": {
              "$ref": "#nl:2"
            },
            "properties": [
              {
                "$ref": "#p:1"
              }
            ]
          },
          {
            "$id": "c:2",
            "name": "Genre_Genre_uniq",
            "constraintType": "uniqueness",
            "entityType": "node",
            "nodeLabel": {
              "$ref": "#nl:1"
            },
            "properties": [
              {
                "$ref": "#p:2"
              }
            ]
          },
          {
            "$id": "c:3",
            "name": "Languages_Languages_uniq",
            "constraintType": "uniqueness",
            "entityType": "node",
            "nodeLabel": {
              "$ref": "#nl:3"
            },
            "properties": [
              {
                "$ref": "#p:3"
              }
            ]
          },
          {
            "$id": "c:4",
            "name": "Series_or Movie_Series_or Movie_uniq",
            "constraintType": "uniqueness",
            "entityType": "node",
            "nodeLabel": {
              "$ref": "#nl:4"
            },
            "properties": [
              {
                "$ref": "#p:4"
              }
            ]
          },
          {
            "$id": "c:5",
            "name": "Hidden_Gem Score_Hidden_Gem Score_uniq",
            "constraintType": "uniqueness",
            "entityType": "node",
            "nodeLabel": {
              "$ref": "#nl:5"
            },
            "properties": [
              {
                "$ref": "#p:5"
              }
            ]
          },
          {
            "$id": "c:6",
            "name": "Country_Availability_Country_Availability_uniq",
            "constraintType": "uniqueness",
            "entityType": "node",
            "nodeLabel": {
              "$ref": "#nl:6"
            },
            "properties": [
              {
                "$ref": "#p:6"
              }
            ]
          },
          {
            "$id": "c:7",
            "name": "Runtime_Runtime_uniq",
            "constraintType": "uniqueness",
            "entityType": "node",
            "nodeLabel": {
              "$ref": "#nl:7"
            },
            "properties": [
              {
                "$ref": "#p:7"
              }
            ]
          },
          {
            "$id": "c:8",
            "name": "Director_Director_uniq",
            "constraintType": "uniqueness",
            "entityType": "node",
            "nodeLabel": {
              "$ref": "#nl:8"
            },
            "properties": [
              {
                "$ref": "#p:8"
              }
            ]
          },
          {
            "$id": "c:9",
            "name": "Writer_Writer_uniq",
            "constraintType": "uniqueness",
            "entityType": "node",
            "nodeLabel": {
              "$ref": "#nl:9"
            },
            "properties": [
              {
                "$ref": "#p:9"
              }
            ]
          },
          {
            "$id": "c:10",
            "name": "Actors_Actors_uniq",
            "constraintType": "uniqueness",
            "entityType": "node",
            "nodeLabel": {
              "$ref": "#nl:10"
            },
            "properties": [
              {
                "$ref": "#p:10"
              }
            ]
          },
          {
            "$id": "c:11",
            "name": "View_Rating_View_Rating_uniq",
            "constraintType": "uniqueness",
            "entityType": "node",
            "nodeLabel": {
              "$ref": "#nl:11"
            },
            "properties": [
              {
                "$ref": "#p:11"
              }
            ]
          },
          {
            "$id": "c:12",
            "name": "IMDb_Score_IMDb_Score_uniq",
            "constraintType": "uniqueness",
            "entityType": "node",
            "nodeLabel": {
              "$ref": "#nl:12"
            },
            "properties": [
              {
                "$ref": "#p:12"
              }
            ]
          },
          {
            "$id": "c:13",
            "name": "Rotten_Tomatoes Score_Rotten_Tomatoes Score_uniq",
            "constraintType": "uniqueness",
            "entityType": "node",
            "nodeLabel": {
              "$ref": "#nl:13"
            },
            "properties": [
              {
                "$ref": "#p:13"
              }
            ]
          },
          {
            "$id": "c:14",
            "name": "Metacritic_Score_Metacritic_Score_uniq",
            "constraintType": "uniqueness",
            "entityType": "node",
            "nodeLabel": {
              "$ref": "#nl:14"
            },
            "properties": [
              {
                "$ref": "#p:14"
              }
            ]
          },
          {
            "$id": "c:15",
            "name": "Awards_Received_Awards_Received_uniq",
            "constraintType": "uniqueness",
            "entityType": "node",
            "nodeLabel": {
              "$ref": "#nl:15"
            },
            "properties": [
              {
                "$ref": "#p:15"
              }
            ]
          },
          {
            "$id": "c:16",
            "name": "Awards_Nominated For_Awards_Nominated For_uniq",
            "constraintType": "uniqueness",
            "entityType": "node",
            "nodeLabel": {
              "$ref": "#nl:16"
            },
            "properties": [
              {
                "$ref": "#p:16"
              }
            ]
          },
          {
            "$id": "c:17",
            "name": "Boxoffice__Boxoffice_uniq",
            "constraintType": "uniqueness",
            "entityType": "node",
            "nodeLabel": {
              "$ref": "#nl:17"
            },
            "properties": [
              {
                "$ref": "#p:17"
              }
            ]
          },
          {
            "$id": "c:18",
            "name": "Release_Date_Release_Date_uniq",
            "constraintType": "uniqueness",
            "entityType": "node",
            "nodeLabel": {
              "$ref": "#nl:18"
            },
            "properties": [
              {
                "$ref": "#p:18"
              }
            ]
          },
          {
            "$id": "c:19",
            "name": "Netflix_Release Date_Netflix_Release Date_uniq",
            "constraintType": "uniqueness",
            "entityType": "node",
            "nodeLabel": {
              "$ref": "#nl:19"
            },
            "properties": [
              {
                "$ref": "#p:19"
              }
            ]
          },
          {
            "$id": "c:20",
            "name": "Production_House_Production_House_uniq",
            "constraintType": "uniqueness",
            "entityType": "node",
            "nodeLabel": {
              "$ref": "#nl:20"
            },
            "properties": [
              {
                "$ref": "#p:20"
              }
            ]
          },
          {
            "$id": "c:21",
            "name": "Netflix_Link_Netflix_Link_uniq",
            "constraintType": "uniqueness",
            "entityType": "node",
            "nodeLabel": {
              "$ref": "#nl:21"
            },
            "properties": [
              {
                "$ref": "#p:21"
              }
            ]
          },
          {
            "$id": "c:22",
            "name": "IMDb_Votes_IMDb_Link_uniq",
            "constraintType": "uniqueness",
            "entityType": "node",
            "nodeLabel": {
              "$ref": "#nl:22"
            },
            "properties": [
              {
                "$ref": "#p:22"
              }
            ]
          },
          {
            "$id": "c:23",
            "name": "Image_Image_uniq",
            "constraintType": "uniqueness",
            "entityType": "node",
            "nodeLabel": {
              "$ref": "#nl:23"
            },
            "properties": [
              {
                "$ref": "#p:23"
              }
            ]
          },
          {
            "$id": "c:24",
            "name": "Poster_Poster_uniq",
            "constraintType": "uniqueness",
            "entityType": "node",
            "nodeLabel": {
              "$ref": "#nl:24"
            },
            "properties": [
              {
                "$ref": "#p:24"
              }
            ]
          },
          {
            "$id": "c:25",
            "name": "Trailer_Site_Trailer_Site_uniq",
            "constraintType": "uniqueness",
            "entityType": "node",
            "nodeLabel": {
              "$ref": "#nl:26"
            },
            "properties": [
              {
                "$ref": "#p:25"
              }
            ]
          },
          {
            "$id": "c:26",
            "name": "TMDb_Trailer_TMDb_Trailer_uniq",
            "constraintType": "uniqueness",
            "entityType": "node",
            "nodeLabel": {
              "$ref": "#nl:25"
            },
            "properties": [
              {
                "$ref": "#p:26"
              }
            ]
          }
        ],
        "indexes": []
      }
    },
    "graphSchemaExtensionsRepresentation": {
      "nodeKeyProperties": [
        {
          "node": {
            "$ref": "#n:0"
          },
          "keyProperty": {
            "$ref": "#p:0_21"
          }
        },
        {
          "node": {
            "$ref": "#n:2"
          },
          "keyProperty": {
            "$ref": "#p:1"
          }
        },
        {
          "node": {
            "$ref": "#n:1"
          },
          "keyProperty": {
            "$ref": "#p:2"
          }
        },
        {
          "node": {
            "$ref": "#n:3"
          },
          "keyProperty": {
            "$ref": "#p:3"
          }
        },
        {
          "node": {
            "$ref": "#n:4"
          },
          "keyProperty": {
            "$ref": "#p:4"
          }
        },
        {
          "node": {
            "$ref": "#n:5"
          },
          "keyProperty": {
            "$ref": "#p:5"
          }
        },
        {
          "node": {
            "$ref": "#n:6"
          },
          "keyProperty": {
            "$ref": "#p:6"
          }
        },
        {
          "node": {
            "$ref": "#n:7"
          },
          "keyProperty": {
            "$ref": "#p:7"
          }
        },
        {
          "node": {
            "$ref": "#n:8"
          },
          "keyProperty": {
            "$ref": "#p:8"
          }
        },
        {
          "node": {
            "$ref": "#n:9"
          },
          "keyProperty": {
            "$ref": "#p:9"
          }
        },
        {
          "node": {
            "$ref": "#n:10"
          },
          "keyProperty": {
            "$ref": "#p:10"
          }
        },
        {
          "node": {
            "$ref": "#n:11"
          },
          "keyProperty": {
            "$ref": "#p:11"
          }
        },
        {
          "node": {
            "$ref": "#n:12"
          },
          "keyProperty": {
            "$ref": "#p:12"
          }
        },
        {
          "node": {
            "$ref": "#n:13"
          },
          "keyProperty": {
            "$ref": "#p:13"
          }
        },
        {
          "node": {
            "$ref": "#n:14"
          },
          "keyProperty": {
            "$ref": "#p:14"
          }
        },
        {
          "node": {
            "$ref": "#n:15"
          },
          "keyProperty": {
            "$ref": "#p:15"
          }
        },
        {
          "node": {
            "$ref": "#n:16"
          },
          "keyProperty": {
            "$ref": "#p:16"
          }
        },
        {
          "node": {
            "$ref": "#n:17"
          },
          "keyProperty": {
            "$ref": "#p:17"
          }
        },
        {
          "node": {
            "$ref": "#n:18"
          },
          "keyProperty": {
            "$ref": "#p:18"
          }
        },
        {
          "node": {
            "$ref": "#n:19"
          },
          "keyProperty": {
            "$ref": "#p:19"
          }
        },
        {
          "node": {
            "$ref": "#n:20"
          },
          "keyProperty": {
            "$ref": "#p:20"
          }
        },
        {
          "node": {
            "$ref": "#n:21"
          },
          "keyProperty": {
            "$ref": "#p:21"
          }
        },
        {
          "node": {
            "$ref": "#n:22"
          },
          "keyProperty": {
            "$ref": "#p:22"
          }
        },
        {
          "node": {
            "$ref": "#n:23"
          },
          "keyProperty": {
            "$ref": "#p:23"
          }
        },
        {
          "node": {
            "$ref": "#n:24"
          },
          "keyProperty": {
            "$ref": "#p:24"
          }
        },
        {
          "node": {
            "$ref": "#n:26"
          },
          "keyProperty": {
            "$ref": "#p:25"
          }
        },
        {
          "node": {
            "$ref": "#n:25"
          },
          "keyProperty": {
            "$ref": "#p:26"
          }
        }
      ]
    },
    "graphMappingRepresentation": {
      "dataSourceSchema": {
        "type": "local",
        "tableSchemas": [
          {
            "name": "netflix_info.csv",
            "expanded": true,
            "fields": [
              {
                "name": "Title",
                "sample": "Lets Fight Ghost",
                "recommendedType": {
                  "type": "string"
                }
              },
              {
                "name": "Genre",
                "sample": "Crime, Drama, Fantasy, Horror, Romance",
                "recommendedType": {
                  "type": "string"
                }
              },
              {
                "name": "Tags",
                "sample": "Comedy Programmes,Romantic TV Comedies,Horror Programmes,Thai TV Programmes",
                "recommendedType": {
                  "type": "string"
                }
              },
              {
                "name": "Languages",
                "sample": "Swedish, Spanish",
                "recommendedType": {
                  "type": "string"
                }
              },
              {
                "name": "Series or Movie",
                "sample": "Series",
                "recommendedType": {
                  "type": "string"
                }
              },
              {
                "name": "Hidden Gem Score",
                "sample": "4.3",
                "recommendedType": {
                  "type": "float"
                }
              },
              {
                "name": "Country Availability",
                "sample": "Thailand",
                "recommendedType": {
                  "type": "string"
                }
              },
              {
                "name": "Runtime",
                "sample": "< 30 minutes",
                "recommendedType": {
                  "type": "string"
                }
              },
              {
                "name": "Director",
                "sample": "Tomas Alfredson",
                "recommendedType": {
                  "type": "string"
                }
              },
              {
                "name": "Writer",
                "sample": "John Ajvide Lindqvist",
                "recommendedType": {
                  "type": "string"
                }
              },
              {
                "name": "Actors",
                "sample": "Kåre Hedebrant, Per Ragnar, Lina Leandersson, Henrik Dahl",
                "recommendedType": {
                  "type": "string"
                }
              },
              {
                "name": "View Rating",
                "sample": "R",
                "recommendedType": {
                  "type": "string"
                }
              },
              {
                "name": "IMDb Score",
                "sample": "7.9",
                "recommendedType": {
                  "type": "float"
                }
              },
              {
                "name": "Rotten Tomatoes Score",
                "sample": "98.0",
                "recommendedType": {
                  "type": "float"
                }
              },
              {
                "name": "Metacritic Score",
                "sample": "82.0",
                "recommendedType": {
                  "type": "float"
                }
              },
              {
                "name": "Awards Received",
                "sample": "74.0",
                "recommendedType": {
                  "type": "float"
                }
              },
              {
                "name": "Awards Nominated For",
                "sample": "57.0",
                "recommendedType": {
                  "type": "float"
                }
              },
              {
                "name": "Boxoffice",
                "sample": "$2,122,065",
                "recommendedType": {
                  "type": "string"
                }
              },
              {
                "name": "Release Date",
                "sample": "12 Dec 2008",
                "recommendedType": {
                  "type": "string"
                }
              },
              {
                "name": "Netflix Release Date",
                "sample": "2021-03-04",
                "recommendedType": {
                  "type": "datetime"
                }
              },
              {
                "name": "Production House",
                "sample": "Canal+, Sandrew Metronome",
                "recommendedType": {
                  "type": "string"
                }
              },
              {
                "name": "Netflix Link",
                "sample": "https://www.netflix.com/watch/81415947",
                "recommendedType": {
                  "type": "string"
                }
              },
              {
                "name": "IMDb Link",
                "sample": "https://www.imdb.com/title/tt1139797",
                "recommendedType": {
                  "type": "string"
                }
              },
              {
                "name": "Summary",
                "sample": "A med student with a supernatural gift tries to cash in on his abilities by facing off against ghost...",
                "recommendedType": {
                  "type": "string"
                }
              },
              {
                "name": "IMDb Votes",
                "sample": "205926.0",
                "recommendedType": {
                  "type": "float"
                }
              },
              {
                "name": "Image",
                "sample": "https://occ-0-4708-64.1.nflxso.net/dnm/api/v6/evlCitJPPCVCry0BZlEFb5-QjKc/AAAABcmgLCxN8dNahdY2kgd1hh...",
                "recommendedType": {
                  "type": "string"
                }
              },
              {
                "name": "Poster",
                "sample": "https://m.media-amazon.com/images/M/MV5BOWM4NTY2NTMtZDZlZS00NTgyLWEzZDMtODE3ZGI1MzI3ZmU5XkEyXkFqcGde...",
                "recommendedType": {
                  "type": "string"
                }
              },
              {
                "name": "TMDb Trailer",
                "sample": "",
                "recommendedType": {
                  "type": "string"
                }
              },
              {
                "name": "Trailer Site",
                "sample": "",
                "recommendedType": {
                  "type": "string"
                }
              }
            ]
          }
        ]
      },
      "nodeMappings": [
        {
          "node": {
            "$ref": "#n:0"
          },
          "tableName": "netflix_info.csv",
          "propertyMappings": [
            {
              "property": {
                "$ref": "#p:0_0"
              },
              "fieldName": "Title"
            },
            {
              "property": {
                "$ref": "#p:0_1"
              },
              "fieldName": "Genre"
            },
            {
              "property": {
                "$ref": "#p:0_2"
              },
              "fieldName": "Tags"
            },
            {
              "property": {
                "$ref": "#p:0_3"
              },
              "fieldName": "Languages"
            },
            {
              "property": {
                "$ref": "#p:0_4"
              },
              "fieldName": "Series or Movie"
            },
            {
              "property": {
                "$ref": "#p:0_5"
              },
              "fieldName": "Hidden Gem Score"
            },
            {
              "property": {
                "$ref": "#p:0_6"
              },
              "fieldName": "Country Availability"
            },
            {
              "property": {
                "$ref": "#p:0_7"
              },
              "fieldName": "Runtime"
            },
            {
              "property": {
                "$ref": "#p:0_8"
              },
              "fieldName": "Director"
            },
            {
              "property": {
                "$ref": "#p:0_9"
              },
              "fieldName": "Writer"
            },
            {
              "property": {
                "$ref": "#p:0_10"
              },
              "fieldName": "Actors"
            },
            {
              "property": {
                "$ref": "#p:0_11"
              },
              "fieldName": "View Rating"
            },
            {
              "property": {
                "$ref": "#p:0_12"
              },
              "fieldName": "IMDb Score"
            },
            {
              "property": {
                "$ref": "#p:0_13"
              },
              "fieldName": "Rotten Tomatoes Score"
            },
            {
              "property": {
                "$ref": "#p:0_14"
              },
              "fieldName": "Metacritic Score"
            },
            {
              "property": {
                "$ref": "#p:0_15"
              },
              "fieldName": "Awards Received"
            },
            {
              "property": {
                "$ref": "#p:0_16"
              },
              "fieldName": "Awards Nominated For"
            },
            {
              "property": {
                "$ref": "#p:0_17"
              },
              "fieldName": "Boxoffice"
            },
            {
              "property": {
                "$ref": "#p:0_18"
              },
              "fieldName": "Release Date"
            },
            {
              "property": {
                "$ref": "#p:0_19"
              },
              "fieldName": "Netflix Release Date"
            },
            {
              "property": {
                "$ref": "#p:0_20"
              },
              "fieldName": "Production House"
            },
            {
              "property": {
                "$ref": "#p:0_21"
              },
              "fieldName": "Netflix Link"
            },
            {
              "property": {
                "$ref": "#p:0_22"
              },
              "fieldName": "IMDb Link"
            },
            {
              "property": {
                "$ref": "#p:0_23"
              },
              "fieldName": "Summary"
            },
            {
              "property": {
                "$ref": "#p:0_24"
              },
              "fieldName": "IMDb Votes"
            },
            {
              "property": {
                "$ref": "#p:0_25"
              },
              "fieldName": "Image"
            },
            {
              "property": {
                "$ref": "#p:0_26"
              },
              "fieldName": "Poster"
            },
            {
              "property": {
                "$ref": "#p:0_27"
              },
              "fieldName": "TMDb Trailer"
            },
            {
              "property": {
                "$ref": "#p:0_28"
              },
              "fieldName": "Trailer Site"
            }
          ],
          "mappingFilter": {
            "fieldName": "Title",
            "exactMatch": ""
          }
        },
        {
          "node": {
            "$ref": "#n:1"
          },
          "tableName": "netflix_info.csv",
          "propertyMappings": [
            {
              "fieldName": "Genre",
              "property": {
                "$ref": "#p:2"
              }
            }
          ],
          "mappingFilter": {
            "fieldName": "Genre",
            "exactMatch": ""
          }
        },
        {
          "node": {
            "$ref": "#n:2"
          },
          "tableName": "netflix_info.csv",
          "propertyMappings": [
            {
              "fieldName": "Tags",
              "property": {
                "$ref": "#p:1"
              }
            }
          ]
        },
        {
          "node": {
            "$ref": "#n:3"
          },
          "tableName": "netflix_info.csv",
          "propertyMappings": [
            {
              "fieldName": "Languages",
              "property": {
                "$ref": "#p:3"
              }
            }
          ]
        },
        {
          "node": {
            "$ref": "#n:4"
          },
          "tableName": "netflix_info.csv",
          "propertyMappings": [
            {
              "fieldName": "Series or Movie",
              "property": {
                "$ref": "#p:4"
              }
            }
          ]
        },
        {
          "node": {
            "$ref": "#n:5"
          },
          "tableName": "netflix_info.csv",
          "propertyMappings": [
            {
              "fieldName": "Hidden Gem Score",
              "property": {
                "$ref": "#p:5"
              }
            }
          ]
        },
        {
          "node": {
            "$ref": "#n:6"
          },
          "tableName": "netflix_info.csv",
          "propertyMappings": [
            {
              "fieldName": "Country Availability",
              "property": {
                "$ref": "#p:6"
              }
            }
          ]
        },
        {
          "node": {
            "$ref": "#n:7"
          },
          "tableName": "netflix_info.csv",
          "propertyMappings": [
            {
              "fieldName": "Runtime",
              "property": {
                "$ref": "#p:7"
              }
            }
          ]
        },
        {
          "node": {
            "$ref": "#n:8"
          },
          "tableName": "netflix_info.csv",
          "propertyMappings": [
            {
              "fieldName": "Director",
              "property": {
                "$ref": "#p:8"
              }
            }
          ]
        },
        {
          "node": {
            "$ref": "#n:9"
          },
          "tableName": "netflix_info.csv",
          "propertyMappings": [
            {
              "fieldName": "Writer",
              "property": {
                "$ref": "#p:9"
              }
            }
          ]
        },
        {
          "node": {
            "$ref": "#n:10"
          },
          "tableName": "netflix_info.csv",
          "propertyMappings": [
            {
              "fieldName": "Actors",
              "property": {
                "$ref": "#p:10"
              }
            }
          ]
        },
        {
          "node": {
            "$ref": "#n:11"
          },
          "tableName": "netflix_info.csv",
          "propertyMappings": [
            {
              "fieldName": "View Rating",
              "property": {
                "$ref": "#p:11"
              }
            }
          ]
        },
        {
          "node": {
            "$ref": "#n:12"
          },
          "tableName": "netflix_info.csv",
          "propertyMappings": [
            {
              "fieldName": "IMDb Score",
              "property": {
                "$ref": "#p:12"
              }
            }
          ]
        },
        {
          "node": {
            "$ref": "#n:13"
          },
          "tableName": "netflix_info.csv",
          "propertyMappings": [
            {
              "fieldName": "Rotten Tomatoes Score",
              "property": {
                "$ref": "#p:13"
              }
            }
          ]
        },
        {
          "node": {
            "$ref": "#n:14"
          },
          "tableName": "netflix_info.csv",
          "propertyMappings": [
            {
              "fieldName": "Metacritic Score",
              "property": {
                "$ref": "#p:14"
              }
            }
          ]
        },
        {
          "node": {
            "$ref": "#n:15"
          },
          "tableName": "netflix_info.csv",
          "propertyMappings": [
            {
              "fieldName": "Awards Received",
              "property": {
                "$ref": "#p:15"
              }
            }
          ]
        },
        {
          "node": {
            "$ref": "#n:16"
          },
          "tableName": "netflix_info.csv",
          "propertyMappings": [
            {
              "fieldName": "Awards Nominated For",
              "property": {
                "$ref": "#p:16"
              }
            }
          ]
        },
        {
          "node": {
            "$ref": "#n:17"
          },
          "tableName": "netflix_info.csv",
          "propertyMappings": [
            {
              "fieldName": "Boxoffice",
              "property": {
                "$ref": "#p:17"
              }
            }
          ]
        },
        {
          "node": {
            "$ref": "#n:18"
          },
          "tableName": "netflix_info.csv",
          "propertyMappings": [
            {
              "fieldName": "Release Date",
              "property": {
                "$ref": "#p:18"
              }
            }
          ]
        },
        {
          "node": {
            "$ref": "#n:19"
          },
          "tableName": "netflix_info.csv",
          "propertyMappings": [
            {
              "fieldName": "Netflix Release Date",
              "property": {
                "$ref": "#p:19"
              }
            }
          ]
        },
        {
          "node": {
            "$ref": "#n:20"
          },
          "tableName": "netflix_info.csv",
          "propertyMappings": [
            {
              "fieldName": "Production House",
              "property": {
                "$ref": "#p:20"
              }
            }
          ]
        },
        {
          "node": {
            "$ref": "#n:21"
          },
          "tableName": "netflix_info.csv",
          "propertyMappings": [
            {
              "fieldName": "Netflix Link",
              "property": {
                "$ref": "#p:21"
              }
            }
          ]
        },
        {
          "node": {
            "$ref": "#n:22"
          },
          "tableName": "netflix_info.csv",
          "propertyMappings": [
            {
              "fieldName": "IMDb Votes",
              "property": {
                "$ref": "#p:22"
              }
            }
          ]
        },
        {
          "node": {
            "$ref": "#n:23"
          },
          "tableName": "netflix_info.csv",
          "propertyMappings": [
            {
              "fieldName": "Image",
              "property": {
                "$ref": "#p:23"
              }
            }
          ]
        },
        {
          "node": {
            "$ref": "#n:24"
          },
          "tableName": "netflix_info.csv",
          "propertyMappings": [
            {
              "fieldName": "Poster",
              "property": {
                "$ref": "#p:24"
              }
            }
          ]
        },
        {
          "node": {
            "$ref": "#n:25"
          },
          "tableName": "netflix_info.csv",
          "propertyMappings": [
            {
              "fieldName": "TMDb Trailer",
              "property": {
                "$ref": "#p:26"
              }
            }
          ]
        },
        {
          "node": {
            "$ref": "#n:26"
          },
          "tableName": "netflix_info.csv",
          "propertyMappings": [
            {
              "fieldName": "Trailer Site",
              "property": {
                "$ref": "#p:25"
              }
            }
          ]
        }
      ],
      "relationshipMappings": [
        {
          "relationship": {
            "$ref": "#r:1"
          },
          "tableName": "netflix_info.csv",
          "propertyMappings": [],
          "fromMapping": {
            "fieldName": "Title"
          },
          "toMapping": {
            "fieldName": "Genre"
          }
        },
        {
          "relationship": {
            "$ref": "#r:2"
          },
          "tableName": "netflix_info.csv",
          "propertyMappings": [],
          "fromMapping": {
            "fieldName": "Genre"
          },
          "toMapping": {
            "fieldName": "Tags"
          }
        },
        {
          "relationship": {
            "$ref": "#r:3"
          },
          "tableName": "netflix_info.csv",
          "propertyMappings": [],
          "fromMapping": {
            "fieldName": "Tags"
          },
          "toMapping": {
            "fieldName": "Languages"
          }
        },
        {
          "relationship": {
            "$ref": "#r:4"
          },
          "tableName": "netflix_info.csv",
          "propertyMappings": [],
          "fromMapping": {
            "fieldName": "Languages"
          },
          "toMapping": {
            "fieldName": "Series or Movie"
          }
        },
        {
          "relationship": {
            "$ref": "#r:5"
          },
          "tableName": "netflix_info.csv",
          "propertyMappings": [],
          "fromMapping": {
            "fieldName": "Series or Movie"
          },
          "toMapping": {
            "fieldName": "Hidden Gem Score"
          }
        },
        {
          "relationship": {
            "$ref": "#r:6"
          },
          "tableName": "netflix_info.csv",
          "propertyMappings": [],
          "fromMapping": {
            "fieldName": "Hidden Gem Score"
          },
          "toMapping": {
            "fieldName": "Country Availability"
          }
        },
        {
          "relationship": {
            "$ref": "#r:7"
          },
          "tableName": "netflix_info.csv",
          "propertyMappings": [],
          "fromMapping": {
            "fieldName": "Country Availability"
          },
          "toMapping": {
            "fieldName": "Runtime"
          }
        },
        {
          "relationship": {
            "$ref": "#r:8"
          },
          "tableName": "netflix_info.csv",
          "propertyMappings": [],
          "fromMapping": {
            "fieldName": "Runtime"
          },
          "toMapping": {
            "fieldName": "Director"
          }
        },
        {
          "relationship": {
            "$ref": "#r:9"
          },
          "tableName": "netflix_info.csv",
          "propertyMappings": [],
          "fromMapping": {
            "fieldName": "Director"
          },
          "toMapping": {
            "fieldName": "Writer"
          }
        },
        {
          "relationship": {
            "$ref": "#r:10"
          },
          "tableName": "netflix_info.csv",
          "propertyMappings": [],
          "fromMapping": {
            "fieldName": "Writer"
          },
          "toMapping": {
            "fieldName": "Actors"
          }
        },
        {
          "relationship": {
            "$ref": "#r:11"
          },
          "tableName": "netflix_info.csv",
          "propertyMappings": [],
          "fromMapping": {
            "fieldName": "Actors"
          },
          "toMapping": {
            "fieldName": "View Rating"
          }
        },
        {
          "relationship": {
            "$ref": "#r:12"
          },
          "tableName": "netflix_info.csv",
          "propertyMappings": [],
          "fromMapping": {
            "fieldName": "View Rating"
          },
          "toMapping": {
            "fieldName": "IMDb Score"
          }
        },
        {
          "relationship": {
            "$ref": "#r:13"
          },
          "tableName": "netflix_info.csv",
          "propertyMappings": [],
          "fromMapping": {
            "fieldName": "IMDb Score"
          },
          "toMapping": {
            "fieldName": "Rotten Tomatoes Score"
          }
        },
        {
          "relationship": {
            "$ref": "#r:14"
          },
          "tableName": "netflix_info.csv",
          "propertyMappings": [],
          "fromMapping": {
            "fieldName": "Rotten Tomatoes Score"
          },
          "toMapping": {
            "fieldName": "Metacritic Score"
          }
        },
        {
          "relationship": {
            "$ref": "#r:15"
          },
          "tableName": "netflix_info.csv",
          "propertyMappings": [],
          "fromMapping": {
            "fieldName": "Metacritic Score"
          },
          "toMapping": {
            "fieldName": "Awards Received"
          }
        },
        {
          "relationship": {
            "$ref": "#r:16"
          },
          "tableName": "netflix_info.csv",
          "propertyMappings": [],
          "fromMapping": {
            "fieldName": "Awards Received"
          },
          "toMapping": {
            "fieldName": "Awards Nominated For"
          }
        },
        {
          "relationship": {
            "$ref": "#r:17"
          },
          "tableName": "netflix_info.csv",
          "propertyMappings": [],
          "toMapping": {
            "fieldName": "Boxoffice"
          },
          "fromMapping": {
            "fieldName": "Awards Nominated For"
          }
        },
        {
          "relationship": {
            "$ref": "#r:18"
          },
          "tableName": "netflix_info.csv",
          "propertyMappings": [],
          "fromMapping": {
            "fieldName": "Boxoffice"
          },
          "toMapping": {
            "fieldName": "Release Date"
          }
        },
        {
          "relationship": {
            "$ref": "#r:19"
          },
          "tableName": "netflix_info.csv",
          "propertyMappings": [],
          "fromMapping": {
            "fieldName": "Release Date"
          },
          "toMapping": {
            "fieldName": "Netflix Release Date"
          }
        },
        {
          "relationship": {
            "$ref": "#r:20"
          },
          "tableName": "netflix_info.csv",
          "propertyMappings": [],
          "fromMapping": {
            "fieldName": "Netflix Release Date"
          },
          "toMapping": {
            "fieldName": "Production House"
          }
        },
        {
          "relationship": {
            "$ref": "#r:21"
          },
          "tableName": "netflix_info.csv",
          "propertyMappings": [],
          "fromMapping": {
            "fieldName": "Production House"
          },
          "toMapping": {
            "fieldName": "Netflix Link"
          }
        },
        {
          "relationship": {
            "$ref": "#r:22"
          },
          "tableName": "netflix_info.csv",
          "propertyMappings": [],
          "fromMapping": {
            "fieldName": "Netflix Link"
          },
          "toMapping": {
            "fieldName": "IMDb Votes"
          }
        },
        {
          "relationship": {
            "$ref": "#r:23"
          },
          "tableName": "netflix_info.csv",
          "propertyMappings": [],
          "fromMapping": {
            "fieldName": "IMDb Votes"
          },
          "toMapping": {
            "fieldName": "Image"
          }
        },
        {
          "relationship": {
            "$ref": "#r:24"
          },
          "tableName": "netflix_info.csv",
          "propertyMappings": [],
          "fromMapping": {
            "fieldName": "Image"
          },
          "toMapping": {
            "fieldName": "Poster"
          }
        },
        {
          "relationship": {
            "$ref": "#r:25"
          },
          "tableName": "netflix_info.csv",
          "propertyMappings": [],
          "fromMapping": {
            "fieldName": "Poster"
          },
          "toMapping": {
            "fieldName": "TMDb Trailer"
          }
        },
        {
          "relationship": {
            "$ref": "#r:26"
          },
          "tableName": "netflix_info.csv",
          "propertyMappings": [],
          "fromMapping": {
            "fieldName": "TMDb Trailer"
          },
          "toMapping": {
            "fieldName": "Trailer Site"
          }
        }
      ]
    },
    "configurations": {
      "idsToIgnore": []
    }
  }
}